{"cameraMode":{"drawMode":0,"name":"Shaded","section":"Shading Mode"},"sceneLighting":true,"audioPlay":false,"sceneViewState":{"m_AlwaysRefresh":false,"showFog":true,"showSkybox":true,"showFlares":true,"showImageEffects":true,"showParticleSystems":true,"showVisualEffectGraphs":true,"m_FxEnabled":true},"in2DMode":false,"pivot":{"x":2.4326183795928957,"y":5.041475772857666,"z":-1.7672057151794434},"rotation":{"x":0.34490516781806948,"y":-0.3038058578968048,"z":0.11905990540981293,"w":0.8800957202911377},"size":0.007841937243938446,"orthographic":false}