{"cameraMode":{"drawMode":0,"name":"Shaded","section":"Shading Mode"},"sceneLighting":true,"audioPlay":false,"sceneViewState":{"m_AlwaysRefresh":false,"showFog":true,"showSkybox":true,"showFlares":true,"showImageEffects":true,"showParticleSystems":true,"showVisualEffectGraphs":true,"m_FxEnabled":true},"in2DMode":false,"pivot":{"x":-6.709377288818359,"y":-5.750993728637695,"z":40.763545989990237},"rotation":{"x":0.22064583003520966,"y":-0.06634938716888428,"z":0.01511987205594778,"w":0.9730062484741211},"size":17.043861389160158,"orthographic":false}