{"cameraMode":{"drawMode":0,"name":"Shaded","section":"Shading Mode"},"sceneLighting":false,"audioPlay":false,"sceneViewState":{"m_AlwaysRefresh":false,"showFog":true,"showSkybox":true,"showFlares":true,"showImageEffects":true,"showParticleSystems":true,"showVisualEffectGraphs":true,"m_FxEnabled":true},"in2DMode":false,"pivot":{"x":140.2247314453125,"y":0.7893297672271729,"z":11.512539863586426},"rotation":{"x":0.26706695556640627,"y":0.06066277623176575,"z":-0.01684887893497944,"w":0.9616243839263916},"size":109.17450714111328,"orthographic":false}