{"cameraMode":{"drawMode":0,"name":"Shaded","section":"Shading Mode"},"sceneLighting":true,"audioPlay":false,"sceneViewState":{"m_AlwaysRefresh":false,"showFog":true,"showSkybox":true,"showFlares":true,"showImageEffects":true,"showParticleSystems":true,"showVisualEffectGraphs":true,"m_FxEnabled":true},"in2DMode":false,"pivot":{"x":10.235038757324219,"y":-19.205524444580079,"z":-44.552791595458987},"rotation":{"x":0.13183200359344483,"y":0.8362739086151123,"z":-0.2295517474412918,"w":0.48025020956993105},"size":124.18366241455078,"orthographic":false}