{"cameraMode":{"drawMode":0,"name":"Shaded","section":"Shading Mode"},"sceneLighting":true,"audioPlay":false,"sceneViewState":{"m_AlwaysRefresh":false,"showFog":true,"showSkybox":true,"showFlares":true,"showImageEffects":true,"showParticleSystems":true,"showVisualEffectGraphs":true,"m_FxEnabled":true},"in2DMode":false,"pivot":{"x":-64.38175964355469,"y":-3.7451820373535158,"z":37.814842224121097},"rotation":{"x":0.15183228254318238,"y":-0.23334364593029023,"z":0.036914560943841937,"w":0.9597581624984741},"size":109.42147064208985,"orthographic":false}